{"bundle_dir":"/home/realnigga/Virtual-accountant-sync/erp-domain-ml-lab/models/product_account_registry/orchestrator_erp.product_account_recommender.v1/05a0bccf6eec3b6066d18572958abdce0e90761ca3af9cac4726d79679e3d901","metrics":{"holdout_examples":1043,"targets":{"cogs":{"holdout":{"examples":1043,"top1":0.952061,"top3":0.98466},"train":{"examples":4176,"top1":0.958094,"top3":0.986351}},"discount":{"holdout":{"examples":1043,"top1":0.897411,"top3":0.999041},"train":{"examples":4176,"top1":0.905412,"top3":0.996169}},"inventory":{"holdout":{"examples":1043,"top1":0.941515,"top3":0.99233},"train":{"examples":4176,"top1":0.956178,"top3":0.992337}},"revenue":{"holdout":{"examples":1043,"top1":1.0,"top3":1.0},"train":{"examples":4176,"top1":0.999042,"top3":0.999521}},"tax":{"holdout":{"examples":1043,"top1":0.98466,"top3":0.987536},"train":{"examples":4176,"top1":0.987787,"top3":0.992337}}},"train_examples":4176}}
